mile_split_number,split_start_time,split_end_time,split_elapsed_seconds,split_distance_miles,avg_heart_rate_bpm,pace_mm_ss_per_mile
1,2024-11-28 07:39:22,2024-11-28 07:49:01,579.33,1.0,132,09:30
2,2024-11-28 07:49:01,2024-11-28 07:59:50,649.14,1.0,139,10:42
3,2024-11-28 07:59:50,2024-11-28 08:10:10,619.17,1.0,152,10:19
4,2024-11-28 08:10:10,2024-11-28 08:19:56,586.73,1.0,147,09:40
5,2024-11-28 08:19:56,2024-11-28 08:30:12,616.1,1.0,146,09:42
6,2024-11-28 08:30:12,2024-11-28 08:42:02,709.38,1.0,133,09:31
7,2024-11-28 08:42:02,2024-11-28 08:50:11,488.9,1.0,141,08:08
8,2024-11-28 08:50:11,2024-11-28 08:58:24,493.05,1.0,141,08:13
9,2024-11-28 08:58:24,2024-11-28 09:06:32,488.3,1.0,142,08:08
10,2024-11-28 09:06:32,2024-11-28 09:14:35,482.81,1.0,140,08:02
11,2024-11-28 09:14:35,2024-11-28 09:26:32,716.78,1.0,144,08:41
1,2024-11-30 07:43:52,2024-11-30 07:53:59,606.68,1.0,128,09:56
2,2024-11-30 07:53:59,2024-11-30 08:03:17,557.85,1.0,171,09:18
3,2024-11-30 08:03:17,2024-11-30 08:12:24,547.61,1.0,171,08:57
4,2024-11-30 08:12:24,2024-11-30 08:22:16,592.32,1.0,186,09:49
5,2024-11-30 08:22:16,2024-11-30 08:30:52,515.65,1.0,162,08:00
6,2024-11-30 08:30:52,2024-11-30 08:39:12,499.85,1.0,157,08:19
7,2024-11-30 08:39:12,2024-11-30 08:47:22,490.04,1.0,168,08:10
8,2024-11-30 08:47:22,2024-11-30 08:49:15,112.99,0.24,179,07:25
1,2024-12-02 06:42:59,2024-12-02 06:53:03,604.45,1.0,122,10:05
2,2024-12-02 06:53:03,2024-12-02 07:02:38,574.42,1.0,144,09:34
3,2024-12-02 07:02:38,2024-12-02 07:12:39,601.29,1.0,158,10:01
1,2024-12-03 19:11:28,2024-12-03 19:18:44,436.24,1.0,148,07:15
2,2024-12-03 19:18:44,2024-12-03 19:27:35,530.35,1.0,173,08:50
3,2024-12-03 19:27:35,2024-12-03 19:37:08,573.81,1.0,172,09:33
4,2024-12-03 19:37:08,2024-12-03 19:46:03,535.09,1.0,175,08:54
5,2024-12-03 19:46:03,2024-12-03 19:54:31,507.97,1.0,179,08:27
6,2024-12-03 19:54:31,2024-12-03 20:02:28,476.66,1.0,179,07:56
7,2024-12-03 20:02:28,2024-12-03 20:09:48,439.86,1.0,184,07:19
8,2024-12-03 20:09:48,2024-12-03 20:17:27,458.85,1.0,188,07:39
9,2024-12-03 20:17:27,2024-12-03 20:25:03,456.06,1.0,194,07:36
1,2024-12-05 06:34:04,2024-12-05 06:50:34,990.5,1.0,145,12:06
2,2024-12-05 06:50:34,2024-12-05 07:03:16,761.63,1.0,151,12:41
3,2024-12-05 07:03:16,2024-12-05 07:11:03,466.87,0.46,151,12:20
1,2024-12-06 18:36:48,2024-12-06 18:46:38,590.22,1.0,136,09:44
2,2024-12-06 18:46:38,2024-12-06 19:05:07,1109.18,1.0,109,09:02
3,2024-12-06 19:05:07,2024-12-06 19:25:58,1250.6,0.99,101,09:57
1,2024-12-08 11:14:48,2024-12-08 11:22:13,444.83,1.0,159,07:26
2,2024-12-08 11:22:13,2024-12-08 11:30:04,470.82,1.0,161,07:51
3,2024-12-08 11:30:04,2024-12-08 11:37:55,471.42,1.0,164,07:51
4,2024-12-08 11:37:55,2024-12-08 11:46:27,512.12,1.0,158,08:31
5,2024-12-08 11:46:27,2024-12-08 11:55:02,514.86,1.0,156,08:34
6,2024-12-08 11:55:02,2024-12-08 12:03:15,492.87,1.0,160,08:12
7,2024-12-08 12:03:15,2024-12-08 12:11:27,491.94,1.0,158,08:12
8,2024-12-08 12:11:27,2024-12-08 12:19:33,485.7,1.0,161,08:06
9,2024-12-08 12:19:33,2024-12-08 12:27:31,478.66,1.0,163,07:58
10,2024-12-08 12:27:31,2024-12-08 12:35:49,498.15,1.0,157,08:05
11,2024-12-08 12:35:49,2024-12-08 12:43:29,459.36,1.0,160,07:39
12,2024-12-08 12:43:29,2024-12-08 12:51:40,490.96,1.0,174,07:57
1,2024-12-14 11:36:57,2024-12-14 11:44:54,476.53,1.0,148,07:57
2,2024-12-14 11:44:54,2024-12-14 11:52:59,485.58,1.0,160,08:05
3,2024-12-14 11:52:59,2024-12-14 12:01:06,487.04,1.0,171,08:06
4,2024-12-14 12:01:06,2024-12-14 12:09:23,496.75,1.0,182,08:16
5,2024-12-14 12:09:23,2024-12-14 12:17:37,494.1,1.0,182,08:14
6,2024-12-14 12:17:37,2024-12-14 12:26:00,502.53,1.0,180,08:14
7,2024-12-14 12:26:00,2024-12-14 12:34:00,480.63,1.0,180,08:00
8,2024-12-14 12:34:00,2024-12-14 12:42:10,490.19,1.0,168,08:09
9,2024-12-14 12:42:10,2024-12-14 12:50:21,490.68,1.0,161,08:05
10,2024-12-14 12:50:21,2024-12-14 12:58:38,496.87,1.0,180,08:16
11,2024-12-14 12:58:38,2024-12-14 13:07:03,504.72,1.0,180,08:25
12,2024-12-14 13:07:03,2024-12-14 13:15:50,527.56,1.0,171,08:26
13,2024-12-14 13:15:50,2024-12-14 13:24:02,491.86,1.0,182,08:11
14,2024-12-14 13:24:02,2024-12-14 13:31:58,475.56,1.0,183,07:55
15,2024-12-14 13:31:58,2024-12-14 13:40:16,498.16,1.0,176,08:18
16,2024-12-14 13:40:16,2024-12-14 13:49:09,533.4,1.0,176,08:53
17,2024-12-14 13:49:09,2024-12-14 13:58:13,543.52,1.0,176,09:03
18,2024-12-14 13:58:13,2024-12-14 14:07:11,538.37,1.0,176,08:58
1,2024-12-17 18:34:28,2024-12-17 18:42:39,491.17,1.0,139,08:10
2,2024-12-17 18:42:39,2024-12-17 18:51:54,554.65,1.0,161,09:12
3,2024-12-17 18:51:54,2024-12-17 18:58:53,419.65,1.0,159,06:59
4,2024-12-17 18:58:53,2024-12-17 19:07:52,538.24,1.0,165,08:56
5,2024-12-17 19:07:52,2024-12-17 19:16:38,525.79,1.0,162,08:46
6,2024-12-17 19:16:38,2024-12-17 19:25:03,505.43,1.0,165,08:25
1,2024-12-20 16:35:46,2024-12-20 16:45:00,554.12,1.0,139,09:02
2,2024-12-20 16:45:00,2024-12-20 16:54:18,557.96,1.0,154,09:13
3,2024-12-20 16:54:18,2024-12-20 17:03:38,559.81,1.0,156,09:14
1,2024-12-21 16:16:48,2024-12-21 16:25:27,518.82,1.0,136,08:39
2,2024-12-21 16:25:27,2024-12-21 16:34:17,529.79,1.0,141,08:50
3,2024-12-21 16:34:17,2024-12-21 16:43:19,542.63,1.0,142,09:02
4,2024-12-21 16:43:19,2024-12-21 16:52:23,543.41,1.0,143,09:03
5,2024-12-21 16:52:23,2024-12-21 17:01:36,553.18,1.0,140,08:55
6,2024-12-21 17:01:36,2024-12-21 17:10:32,536.63,1.0,140,08:56
7,2024-12-21 17:10:32,2024-12-21 17:19:00,507.77,1.0,145,08:27
8,2024-12-21 17:19:00,2024-12-21 17:27:26,505.97,1.0,142,08:25
9,2024-12-21 17:27:26,2024-12-21 17:35:32,485.73,1.0,149,08:05
10,2024-12-21 17:35:32,2024-12-21 17:43:49,496.62,1.0,143,08:17
11,2024-12-21 17:43:49,2024-12-21 17:52:09,500.85,1.0,141,08:18
12,2024-12-21 17:52:09,2024-12-21 18:00:49,519.31,1.0,142,08:39
13,2024-12-21 18:00:49,2024-12-21 18:09:50,541.06,1.0,136,09:01
14,2024-12-21 18:09:50,2024-12-21 18:19:48,597.85,1.0,135,09:01
15,2024-12-21 18:19:48,2024-12-21 18:28:43,535.56,1.0,136,08:55
16,2024-12-21 18:28:43,2024-12-21 18:37:50,546.99,1.0,134,09:06
17,2024-12-21 18:37:50,2024-12-21 18:46:24,513.72,1.0,139,08:33
18,2024-12-21 18:46:24,2024-12-21 18:55:13,529.5,1.0,137,08:49
19,2024-12-21 18:55:13,2024-12-21 18:59:59,285.61,0.57,135,08:09
1,2024-12-25 13:57:14,2024-12-25 14:03:28,374.35,1.0,150,06:14
2,2024-12-25 14:03:28,2024-12-25 14:12:12,523.23,1.0,149,08:22
3,2024-12-25 14:12:12,2024-12-25 14:17:56,344.42,0.62,144,08:21
1,2024-12-27 10:16:31,2024-12-27 10:25:38,546.89,1.0,128,08:35
2,2024-12-27 10:25:38,2024-12-27 10:35:07,569.03,1.0,145,08:44
3,2024-12-27 10:35:07,2024-12-27 10:44:11,544.44,1.0,146,08:49
4,2024-12-27 10:44:11,2024-12-27 10:53:07,536.07,1.0,146,08:55
5,2024-12-27 10:53:07,2024-12-27 11:01:54,526.09,1.0,151,08:42
6,2024-12-27 11:01:54,2024-12-27 11:09:28,454.96,1.0,153,07:34
7,2024-12-27 11:09:28,2024-12-27 11:17:39,490.51,1.0,151,07:44
8,2024-12-27 11:17:39,2024-12-27 11:24:08,389.0,0.84,156,07:35
1,2024-12-29 11:39:15,2024-12-29 11:47:10,475.43,1.0,145,07:42
2,2024-12-29 11:47:10,2024-12-29 11:56:08,537.82,1.0,168,08:34
3,2024-12-29 11:56:08,2024-12-29 12:05:01,532.5,1.0,173,08:51
4,2024-12-29 12:05:01,2024-12-29 12:13:53,532.12,1.0,170,08:52
5,2024-12-29 12:13:53,2024-12-29 12:22:45,531.75,1.0,172,08:48
6,2024-12-29 12:22:45,2024-12-29 12:31:19,514.21,1.0,170,08:32
7,2024-12-29 12:31:19,2024-12-29 12:40:03,524.04,1.0,168,08:43
8,2024-12-29 12:40:03,2024-12-29 12:48:55,532.26,1.0,171,08:37
9,2024-12-29 12:48:55,2024-12-29 12:57:21,506.35,1.0,173,08:25
10,2024-12-29 12:57:21,2024-12-29 13:05:40,498.15,1.0,174,08:18
11,2024-12-29 13:05:40,2024-12-29 13:14:14,514.81,1.0,173,08:32
12,2024-12-29 13:14:14,2024-12-29 13:22:30,495.22,1.0,173,08:15
13,2024-12-29 13:22:30,2024-12-29 13:30:45,495.25,1.0,175,08:15
14,2024-12-29 13:30:45,2024-12-29 13:39:38,532.78,1.0,173,08:21
15,2024-12-29 13:39:38,2024-12-29 13:47:55,497.8,1.0,172,08:17
16,2024-12-29 13:47:55,2024-12-29 13:56:14,498.1,1.0,177,08:18
17,2024-12-29 13:56:14,2024-12-29 14:04:36,502.9,1.0,174,08:22
18,2024-12-29 14:04:36,2024-12-29 14:13:15,518.47,1.0,173,08:36
19,2024-12-29 14:13:15,2024-12-29 14:21:45,509.98,1.0,171,08:30
20,2024-12-29 14:21:45,2024-12-29 14:30:47,542.52,1.0,164,08:37
21,2024-12-29 14:30:47,2024-12-29 14:41:14,626.35,1.0,162,09:12
1,2025-01-05 10:42:30,2025-01-05 10:49:56,446.17,1.0,148,07:26
2,2025-01-05 10:49:56,2025-01-05 10:57:31,455.15,1.0,154,07:34
3,2025-01-05 10:57:31,2025-01-05 11:05:04,452.52,1.0,156,07:32
4,2025-01-05 11:05:04,2025-01-05 11:12:47,462.74,1.0,158,07:43
5,2025-01-05 11:12:47,2025-01-05 11:20:25,458.54,1.0,157,07:38
6,2025-01-05 11:20:25,2025-01-05 11:28:14,469.32,1.0,156,07:43
7,2025-01-05 11:28:14,2025-01-05 11:36:01,466.66,1.0,158,07:46
8,2025-01-05 11:36:01,2025-01-05 11:43:54,472.62,1.0,154,07:51
9,2025-01-05 11:43:54,2025-01-05 11:55:15,681.63,1.0,168,08:20
10,2025-01-05 11:55:15,2025-01-05 12:03:49,513.69,1.0,186,08:29
11,2025-01-05 12:03:49,2025-01-05 12:13:45,595.64,1.0,178,08:40
12,2025-01-05 12:13:45,2025-01-05 12:23:03,558.73,1.0,181,08:18
13,2025-01-05 12:23:03,2025-01-05 12:31:32,508.1,1.0,184,08:11
14,2025-01-05 12:31:32,2025-01-05 12:32:29,57.48,0.12,190,07:25
1,2025-01-08 18:50:01,2025-01-08 18:58:08,487.19,1.0,149,08:07
2,2025-01-08 18:58:08,2025-01-08 19:05:17,429.08,1.0,167,07:08
3,2025-01-08 19:05:17,2025-01-08 19:12:15,418.2,1.0,181,06:57
1,2025-01-12 09:17:43,2025-01-12 09:26:43,540.34,1.0,133,09:01
2,2025-01-12 09:26:43,2025-01-12 09:35:33,530.14,1.0,139,08:49
3,2025-01-12 09:35:33,2025-01-12 09:44:25,531.38,1.0,139,08:48
4,2025-01-12 09:44:25,2025-01-12 09:53:34,548.81,1.0,140,09:09
5,2025-01-12 09:53:34,2025-01-12 10:02:39,545.04,1.0,141,09:04
6,2025-01-12 10:02:39,2025-01-12 10:11:40,541.58,1.0,139,08:53
7,2025-01-12 10:11:40,2025-01-12 10:20:20,519.79,1.0,139,08:17
8,2025-01-12 10:20:20,2025-01-12 10:28:55,514.77,1.0,143,08:34
9,2025-01-12 10:28:55,2025-01-12 10:37:33,517.65,1.0,141,08:38
10,2025-01-12 10:37:33,2025-01-12 10:46:13,520.88,1.0,141,08:40
1,2025-01-16 06:21:45,2025-01-16 06:29:36,470.75,1.0,138,07:51
2,2025-01-16 06:29:36,2025-01-16 06:37:35,478.8,1.0,148,07:59
3,2025-01-16 06:37:35,2025-01-16 06:45:31,476.79,1.0,151,07:56
1,2025-01-18 07:57:34,2025-01-18 08:07:09,574.52,1.0,134,09:35
2,2025-01-18 08:07:09,2025-01-18 08:16:24,555.85,1.0,144,09:15
1,2025-01-19 07:13:01,2025-01-19 07:21:16,495.07,1.0,137,08:16
2,2025-01-19 07:21:16,2025-01-19 07:29:33,496.46,1.0,147,08:16
3,2025-01-19 07:29:33,2025-01-19 07:37:37,484.41,1.0,149,07:59
4,2025-01-19 07:37:37,2025-01-19 07:45:47,490.29,1.0,149,08:10
5,2025-01-19 07:45:47,2025-01-19 07:53:48,480.92,1.0,138,08:00
6,2025-01-19 07:53:48,2025-01-19 08:01:41,472.67,1.0,140,07:52
7,2025-01-19 08:01:41,2025-01-19 08:09:32,470.85,1.0,139,07:46
8,2025-01-19 08:09:32,2025-01-19 08:17:20,467.91,1.0,140,07:48
9,2025-01-19 08:17:20,2025-01-19 08:24:56,456.06,1.0,139,07:36
10,2025-01-19 08:24:56,2025-01-19 08:32:37,461.6,1.0,138,07:41
11,2025-01-19 08:32:37,2025-01-19 08:40:20,462.83,1.0,139,07:42
12,2025-01-19 08:40:20,2025-01-19 08:48:09,468.48,1.0,141,07:48
13,2025-01-19 08:48:09,2025-01-19 08:56:03,474.63,1.0,141,07:54
14,2025-01-19 08:56:03,2025-01-19 09:03:57,473.96,1.0,135,07:52
15,2025-01-19 09:03:57,2025-01-19 09:11:49,472.2,1.0,139,07:51
16,2025-01-19 09:11:49,2025-01-19 09:19:40,470.59,1.0,138,07:50
17,2025-01-19 09:19:40,2025-01-19 09:27:22,462.41,1.0,139,07:42
18,2025-01-19 09:27:22,2025-01-19 09:35:11,468.49,1.0,136,07:48
19,2025-01-19 09:35:11,2025-01-19 09:43:48,517.32,1.0,148,07:49
20,2025-01-19 09:43:48,2025-01-19 09:51:39,470.61,1.0,164,07:50
21,2025-01-19 09:51:39,2025-01-19 09:59:28,469.25,1.0,171,07:46
22,2025-01-19 09:59:28,2025-01-19 10:07:26,477.55,1.0,168,07:57
23,2025-01-19 10:07:26,2025-01-19 10:15:18,472.67,1.0,161,07:52
24,2025-01-19 10:15:18,2025-01-19 10:23:19,480.73,1.0,164,07:59
25,2025-01-19 10:23:19,2025-01-19 10:31:34,494.92,1.0,169,08:15
26,2025-01-19 10:31:34,2025-01-19 10:39:22,467.79,1.0,175,07:45
27,2025-01-19 10:39:22,2025-01-19 10:42:41,199.32,0.48,175,06:51
1,2025-01-25 09:01:28,2025-01-25 09:13:25,716.78,1.0,124,10:48
2,2025-01-25 09:13:25,2025-01-25 09:28:30,905.21,1.0,146,08:36
1,2025-01-29 18:50:16,2025-01-29 18:58:56,520.27,1.0,136,08:21
2,2025-01-29 18:58:56,2025-01-29 19:10:04,667.97,1.0,149,07:36
3,2025-01-29 19:10:04,2025-01-29 19:17:58,473.91,1.0,152,07:51
1,2025-02-17 09:10:17,2025-02-17 09:18:10,473.09,1.0,142,07:53
2,2025-02-17 09:18:10,2025-02-17 09:25:54,464.14,1.0,153,07:43
3,2025-02-17 09:25:54,2025-02-17 09:33:55,480.61,1.0,154,08:00
4,2025-02-17 09:33:55,2025-02-17 09:42:12,497.31,1.0,150,08:17
5,2025-02-17 09:42:12,2025-02-17 09:50:17,485.09,1.0,149,08:04
6,2025-02-17 09:50:17,2025-02-17 09:58:07,469.41,1.0,150,07:49
1,2025-02-23 16:52:58,2025-02-23 17:01:28,510.29,1.0,146,08:29
2,2025-02-23 17:01:28,2025-02-23 17:09:13,464.94,1.0,171,07:44
3,2025-02-23 17:09:13,2025-02-23 17:17:10,477.01,1.0,174,07:56
1,2025-03-08 06:34:58,2025-03-08 06:45:41,642.65,1.0,117,10:04
2,2025-03-08 06:45:41,2025-03-08 06:56:19,638.79,1.0,113,10:31
3,2025-03-08 06:56:19,2025-03-08 07:07:19,659.94,1.0,123,10:30
4,2025-03-08 07:07:19,2025-03-08 07:17:35,616.11,1.0,127,10:15
5,2025-03-08 07:17:35,2025-03-08 07:27:51,615.64,1.0,130,10:13
6,2025-03-08 07:27:51,2025-03-08 07:37:39,587.86,0.82,124,09:43
1,2025-03-10 17:44:50,2025-03-10 17:52:16,446.42,1.0,145,07:24
2,2025-03-10 17:52:16,2025-03-10 17:59:26,429.47,1.0,159,07:09
1,2025-03-12 17:39:34,2025-03-12 17:47:54,500.42,1.0,132,08:08
2,2025-03-12 17:47:54,2025-03-12 17:56:09,495.03,1.0,185,08:14
3,2025-03-12 17:56:09,2025-03-12 18:04:40,510.41,1.0,185,08:19
1,2025-03-13 17:43:48,2025-03-13 17:52:58,549.64,1.0,118,09:08
2,2025-03-13 17:52:58,2025-03-13 18:02:05,547.13,1.0,122,09:07
3,2025-03-13 18:02:05,2025-03-13 18:11:17,551.98,1.0,122,09:08
4,2025-03-13 18:11:17,2025-03-13 18:15:56,279.25,0.51,120,09:06
1,2025-03-14 17:08:14,2025-03-14 17:16:23,488.75,1.0,142,08:00
2,2025-03-14 17:16:23,2025-03-14 17:24:30,486.9,1.0,153,08:02
1,2025-03-15 08:35:35,2025-03-15 08:44:34,539.03,1.0,123,08:56
2,2025-03-15 08:44:34,2025-03-15 08:52:51,496.53,1.0,141,08:16
3,2025-03-15 08:52:51,2025-03-15 09:01:01,490.24,1.0,148,08:10
4,2025-03-15 09:01:01,2025-03-15 09:09:32,510.97,1.0,141,08:31
5,2025-03-15 09:09:32,2025-03-15 09:11:13,101.22,0.21,143,07:58
1,2025-03-16 14:35:45,2025-03-16 14:44:31,525.63,1.0,122,08:46
2,2025-03-16 14:44:31,2025-03-16 14:53:07,516.38,1.0,129,08:34
3,2025-03-16 14:53:07,2025-03-16 15:01:28,500.85,1.0,129,08:11
1,2025-03-17 16:34:21,2025-03-17 16:40:39,377.94,1.0,149,06:16
1,2025-03-19 16:35:35,2025-03-19 16:43:34,478.6,1.0,135,07:59
2,2025-03-19 16:43:34,2025-03-19 16:51:25,471.66,1.0,144,07:51
1,2025-03-23 13:22:54,2025-03-23 13:33:30,635.83,1.0,118,10:21
2,2025-03-23 13:33:30,2025-03-23 13:44:31,660.91,1.0,132,10:23
3,2025-03-23 13:44:31,2025-03-23 13:55:12,641.69,1.0,135,10:41
4,2025-03-23 13:55:12,2025-03-23 14:05:55,642.93,1.0,132,10:38
5,2025-03-23 14:05:55,2025-03-23 14:16:43,647.43,1.0,132,10:18
1,2025-03-25 16:50:38,2025-03-25 16:59:05,507.08,1.0,136,08:23
2,2025-03-25 16:59:05,2025-03-25 17:07:55,530.21,1.0,143,08:49
3,2025-03-25 17:07:55,2025-03-25 17:15:25,449.72,0.77,165,08:50
1,2025-03-29 09:26:18,2025-03-29 09:37:18,660.09,1.0,121,10:53
2,2025-03-29 09:37:18,2025-03-29 09:48:28,669.49,1.0,123,10:57
3,2025-03-29 09:48:28,2025-03-29 09:59:16,648.19,1.0,131,10:39
4,2025-03-29 09:59:16,2025-03-29 10:08:38,562.23,0.88,128,10:35
1,2025-03-31 16:51:00,2025-03-31 17:00:06,546.12,1.0,139,08:26
2,2025-03-31 17:00:06,2025-03-31 17:01:50,103.88,0.19,166,08:24
1,2025-04-03 16:35:29,2025-04-03 16:43:40,490.59,1.0,148,08:07
2,2025-04-03 16:43:40,2025-04-03 16:52:04,504.44,1.0,151,08:24
3,2025-04-03 16:52:04,2025-04-03 16:54:25,140.97,0.31,147,07:34
1,2025-04-05 14:41:12,2025-04-05 14:49:10,478.06,1.0,141,06:17
2,2025-04-05 14:49:10,2025-04-05 14:57:21,491.2,1.0,149,06:39
3,2025-04-05 14:57:21,2025-04-05 15:05:43,501.8,1.0,146,06:18
4,2025-04-05 15:05:43,2025-04-05 15:06:44,60.94,0.13,145,06:06
1,2025-04-10 16:50:33,2025-04-10 16:59:18,525.11,1.0,133,08:27
2,2025-04-10 16:59:18,2025-04-10 17:08:14,535.93,1.0,145,08:13
3,2025-04-10 17:08:14,2025-04-10 17:10:27,132.97,0.28,167,07:45
1,2025-04-15 16:40:04,2025-04-15 16:48:28,503.8,1.0,132,08:24
2,2025-04-15 16:48:28,2025-04-15 16:56:17,469.4,1.0,175,07:49
1,2025-04-18 16:44:35,2025-04-18 16:53:12,516.91,1.0,124,08:28
2,2025-04-18 16:53:12,2025-04-18 17:01:15,483.23,1.0,144,08:03
3,2025-04-18 17:01:15,2025-04-18 17:07:32,376.86,0.76,145,08:13
1,2025-04-26 08:46:18,2025-04-26 08:54:55,516.99,1.0,127,08:37
2,2025-04-26 08:54:55,2025-04-26 09:03:30,514.7,1.0,143,08:35
3,2025-04-26 09:03:30,2025-04-26 09:07:32,242.31,0.49,130,08:19
1,2025-04-27 09:19:48,2025-04-27 09:28:33,525.47,1.0,129,08:42
2,2025-04-27 09:28:33,2025-04-27 09:37:12,518.91,1.0,141,08:38
3,2025-04-27 09:37:12,2025-04-27 09:41:30,257.62,0.49,144,08:36
1,2025-04-29 17:15:00,2025-04-29 17:24:00,540.45,1.0,123,08:50
2,2025-04-29 17:24:00,2025-04-29 17:32:31,510.58,1.0,126,08:23
3,2025-04-29 17:32:31,2025-04-29 17:35:32,180.97,0.35,128,08:31
1,2025-05-01 17:50:36,2025-05-01 17:59:21,524.51,1.0,125,08:44
2,2025-05-01 17:59:21,2025-05-01 18:07:37,496.9,1.0,139,08:16
3,2025-05-01 18:07:37,2025-05-01 18:15:56,498.46,1.0,144,08:18
4,2025-05-01 18:15:56,2025-05-01 18:24:26,510.54,1.0,141,08:30
5,2025-05-01 18:24:26,2025-05-01 18:32:56,509.44,1.0,144,08:29
6,2025-05-01 18:32:56,2025-05-01 18:34:26,90.14,0.19,148,07:55
1,2025-05-04 12:15:21,2025-05-04 12:23:57,515.92,1.0,130,07:23
2,2025-05-04 12:23:57,2025-05-04 12:31:58,480.9,1.0,141,07:59
3,2025-05-04 12:31:58,2025-05-04 12:38:27,389.18,0.79,170,07:47
1,2025-05-06 17:36:01,2025-05-06 17:45:29,568.01,1.0,121,09:24
2,2025-05-06 17:45:29,2025-05-06 17:54:21,531.78,1.0,134,08:51
3,2025-05-06 17:54:21,2025-05-06 17:55:47,86.21,0.17,133,08:34
1,2025-05-09 18:54:44,2025-05-09 19:02:31,467.3,1.0,129,07:46
2,2025-05-09 19:02:31,2025-05-09 19:04:57,145.7,0.31,137,07:30
1,2025-05-18 13:24:57,2025-05-18 13:33:51,534.41,1.0,125,08:53
2,2025-05-18 13:33:51,2025-05-18 13:42:47,535.7,1.0,140,08:55
3,2025-05-18 13:42:47,2025-05-18 13:52:53,606.04,1.0,155,09:06
1,2025-05-28 17:09:19,2025-05-28 17:18:32,553.46,1.0,129,09:01
2,2025-05-28 17:18:32,2025-05-28 17:27:24,531.16,1.0,140,08:51
1,2025-05-31 15:12:17,2025-05-31 15:21:30,553.37,1.0,128,09:14
2,2025-05-31 15:21:30,2025-05-31 15:23:11,100.63,0.15,139,08:59
1,2025-06-14 08:40:00,2025-06-14 08:50:46,646.37,1.0,124,10:31
2,2025-06-14 08:50:46,2025-06-14 09:01:59,672.37,1.0,138,11:04
3,2025-06-14 09:01:59,2025-06-14 09:13:07,668.26,0.71,134,10:19
1,2025-06-16 06:36:58,2025-06-16 06:46:10,552.12,1.0,122,09:13
2,2025-06-16 06:46:10,2025-06-16 06:54:59,529.33,1.0,142,08:48
1,2025-06-17 06:46:13,2025-06-17 06:55:40,566.8,1.0,122,09:26
2,2025-06-17 06:55:40,2025-06-17 07:04:27,526.85,1.0,123,08:47
1,2025-06-18 06:44:48,2025-06-18 06:54:02,553.63,1.0,150,09:14
2,2025-06-18 06:54:02,2025-06-18 07:02:23,501.73,1.0,176,08:21
3,2025-06-18 07:02:23,2025-06-18 07:04:39,135.63,0.22,180,06:51
1,2025-06-20 15:05:16,2025-06-20 15:15:21,605.35,1.0,160,09:10
2,2025-06-20 15:15:21,2025-06-20 15:24:38,556.35,1.0,168,09:08
3,2025-06-20 15:24:38,2025-06-20 15:29:27,289.3,0.54,173,08:51
1,2025-06-22 04:07:22,2025-06-22 04:15:41,498.7,1.0,139,08:18
2,2025-06-22 04:15:41,2025-06-22 04:23:58,497.52,1.0,153,08:16
3,2025-06-22 04:23:58,2025-06-22 04:32:21,502.52,1.0,150,08:22
4,2025-06-22 04:32:21,2025-06-22 04:34:32,131.26,0.28,151,07:50
1,2025-06-25 18:33:11,2025-06-25 18:41:00,468.89,1.0,139,07:45
1,2025-07-04 06:52:00,2025-07-04 07:00:15,494.72,1.0,133,08:15
2,2025-07-04 07:00:15,2025-07-04 07:10:31,616.74,1.0,152,08:43
3,2025-07-04 07:10:31,2025-07-04 07:21:16,644.45,1.0,169,09:27
4,2025-07-04 07:21:16,2025-07-04 07:30:51,574.63,1.0,170,08:56
1,2025-07-09 17:31:42,2025-07-09 17:40:36,533.71,1.0,124,08:54
2,2025-07-09 17:40:36,2025-07-09 17:49:22,525.86,1.0,129,08:46
3,2025-07-09 17:49:22,2025-07-09 17:50:31,69.44,0.13,141,08:51
1,2025-07-11 17:54:50,2025-07-11 18:03:51,540.59,1.0,130,09:00
2,2025-07-11 18:03:51,2025-07-11 18:12:59,548.17,1.0,174,09:08
3,2025-07-11 18:12:59,2025-07-11 18:22:13,554.44,1.0,180,09:04
4,2025-07-11 18:22:13,2025-07-11 18:26:40,266.8,0.48,185,09:06
1,2025-07-12 18:36:57,2025-07-12 18:45:49,531.97,1.0,136,08:35
2,2025-07-12 18:45:49,2025-07-12 18:53:59,489.99,1.0,170,08:10
3,2025-07-12 18:53:59,2025-07-12 18:55:01,62.04,0.12,176,08:42
1,2025-07-19 06:57:35,2025-07-19 07:06:28,533.19,1.0,133,08:53
2,2025-07-19 07:06:28,2025-07-19 07:15:06,517.55,1.0,140,08:37
3,2025-07-19 07:15:06,2025-07-19 07:16:01,55.26,0.11,138,08:35
1,2025-07-20 18:53:43,2025-07-20 19:03:26,583.26,1.0,142,09:40
2,2025-07-20 19:03:26,2025-07-20 19:12:49,563.18,1.0,176,09:22
3,2025-07-20 19:12:49,2025-07-20 19:24:59,729.65,1.0,163,09:20
1,2025-08-11 14:04:35,2025-08-11 14:13:43,548.4,1.0,154,09:09
2,2025-08-11 14:13:43,2025-08-11 14:22:56,552.56,1.0,174,09:12
3,2025-08-11 14:22:56,2025-08-11 14:32:31,574.58,1.0,182,09:27
4,2025-08-11 14:32:31,2025-08-11 14:41:21,530.23,1.0,181,08:21
1,2025-08-12 14:38:47,2025-08-12 14:48:30,582.55,1.0,142,09:40
2,2025-08-12 14:48:30,2025-08-12 14:58:34,604.91,1.0,172,09:42
3,2025-08-12 14:58:34,2025-08-12 15:08:10,575.87,1.0,162,09:05
1,2025-08-19 05:55:45,2025-08-19 06:05:11,565.5,1.0,124,09:26
2,2025-08-19 06:05:11,2025-08-19 06:14:04,533.31,1.0,136,08:53
1,2025-08-21 06:09:29,2025-08-21 06:18:56,566.7,1.0,142,08:41
2,2025-08-21 06:18:56,2025-08-21 06:28:03,546.88,1.0,156,07:26
3,2025-08-21 06:28:03,2025-08-21 06:29:16,73.41,0.14,151,06:38
1,2025-08-23 07:06:40,2025-08-23 07:16:04,563.84,1.0,139,09:22
2,2025-08-23 07:16:04,2025-08-23 07:25:05,541.29,1.0,151,09:01
3,2025-08-23 07:25:05,2025-08-23 07:34:02,537.24,1.0,177,08:56
4,2025-08-23 07:34:02,2025-08-23 07:43:46,583.4,1.0,179,09:10
5,2025-08-23 07:43:46,2025-08-23 07:53:20,574.05,1.0,182,09:13
6,2025-08-23 07:53:20,2025-08-23 08:02:10,529.69,1.0,185,08:48
1,2025-08-25 17:33:47,2025-08-25 17:42:30,522.52,1.0,144,08:36
2,2025-08-25 17:42:30,2025-08-25 17:50:31,481.33,1.0,185,08:01
3,2025-08-25 17:50:31,2025-08-25 17:51:25,54.15,0.12,193,07:43
1,2025-08-30 10:37:09,2025-08-30 10:45:21,491.96,1.0,140,08:12
2,2025-08-30 10:45:21,2025-08-30 10:53:59,517.99,1.0,149,08:38
3,2025-08-30 10:53:59,2025-08-30 11:02:39,519.63,1.0,156,08:33
4,2025-08-30 11:02:39,2025-08-30 11:04:15,96.42,0.21,189,07:35
1,2025-08-31 10:04:25,2025-08-31 10:14:02,577.17,1.0,120,09:38
2,2025-08-31 10:14:02,2025-08-31 10:23:20,557.77,1.0,130,09:17
3,2025-08-31 10:23:20,2025-08-31 10:32:50,569.93,1.0,133,09:30
4,2025-08-31 10:32:50,2025-08-31 10:43:17,627.09,1.0,143,09:31
5,2025-08-31 10:43:17,2025-08-31 10:52:44,567.08,1.0,149,09:27
6,2025-08-31 10:52:44,2025-08-31 11:01:57,552.76,1.0,154,09:12
1,2025-09-10 18:58:09,2025-09-10 19:07:02,533.45,1.0,134,08:53
2,2025-09-10 19:07:02,2025-09-10 19:15:17,494.69,1.0,148,08:14
3,2025-09-10 19:15:17,2025-09-10 19:16:14,56.86,0.11,151,07:43
1,2025-09-13 09:18:51,2025-09-13 09:28:00,549.17,1.0,138,09:08
2,2025-09-13 09:28:00,2025-09-13 09:37:19,558.68,1.0,165,09:18
3,2025-09-13 09:37:19,2025-09-13 09:46:38,559.23,1.0,180,09:19
4,2025-09-13 09:46:38,2025-09-13 09:56:07,568.52,1.0,184,09:28
5,2025-09-13 09:56:07,2025-09-13 10:05:55,588.19,1.0,187,09:48
6,2025-09-13 10:05:55,2025-09-13 10:17:48,713.07,1.0,178,10:06
7,2025-09-13 10:17:48,2025-09-13 10:27:48,599.82,1.0,187,09:59
8,2025-09-13 10:27:48,2025-09-13 10:37:47,598.88,1.0,190,09:45
9,2025-09-13 10:37:47,2025-09-13 10:48:06,619.38,1.0,189,09:18
1,2025-09-16 16:57:40,2025-09-16 17:07:06,565.87,1.0,128,09:26
2,2025-09-16 17:07:06,2025-09-16 17:15:50,524.49,1.0,141,08:44
3,2025-09-16 17:15:50,2025-09-16 17:17:08,77.64,0.15,148,08:38
1,2025-09-19 06:07:40,2025-09-19 06:17:18,578.23,1.0,133,09:38
2,2025-09-19 06:17:18,2025-09-19 06:26:05,526.78,1.0,143,08:42
1,2025-09-20 08:33:13,2025-09-20 08:43:00,586.87,1.0,146,08:49
2,2025-09-20 08:43:00,2025-09-20 08:51:46,526.21,1.0,158,08:46
3,2025-09-20 08:51:46,2025-09-20 09:00:56,550.22,1.0,168,09:09
4,2025-09-20 09:00:56,2025-09-20 09:09:56,540.1,1.0,173,08:58
5,2025-09-20 09:09:56,2025-09-20 09:18:39,522.48,1.0,174,08:42
6,2025-09-20 09:18:39,2025-09-20 09:27:23,524.48,1.0,175,08:44
7,2025-09-20 09:27:23,2025-09-20 09:36:27,543.33,1.0,174,08:05
1,2025-09-25 06:16:15,2025-09-25 06:25:18,543.11,1.0,125,09:03
2,2025-09-25 06:25:18,2025-09-25 06:33:34,496.31,1.0,133,08:15
3,2025-09-25 06:33:34,2025-09-25 06:34:29,54.58,0.12,137,07:34
1,2025-09-27 06:03:56,2025-09-27 06:12:51,535.11,1.0,131,08:56
2,2025-09-27 06:12:51,2025-09-27 06:21:43,531.56,1.0,136,08:51
3,2025-09-27 06:21:43,2025-09-27 06:30:18,514.89,1.0,138,08:35
4,2025-09-27 06:30:18,2025-09-27 06:35:05,287.44,0.58,143,08:16
1,2025-09-30 17:57:34,2025-09-30 18:05:30,476.38,1.0,148,07:52
2,2025-09-30 18:05:30,2025-09-30 18:14:10,520.08,1.0,177,08:39
3,2025-09-30 18:14:10,2025-09-30 18:23:11,540.23,1.0,177,09:00
4,2025-09-30 18:23:11,2025-09-30 18:32:07,535.91,1.0,175,08:55
5,2025-09-30 18:32:07,2025-09-30 18:41:01,534.8,1.0,178,08:54
6,2025-09-30 18:41:01,2025-09-30 18:49:38,516.45,1.0,181,08:36
7,2025-09-30 18:49:38,2025-09-30 18:51:51,133.14,0.28,183,07:58
1,2025-10-02 17:13:04,2025-10-02 17:21:39,514.61,1.0,138,08:35
2,2025-10-02 17:21:39,2025-10-02 17:30:20,521.55,1.0,141,08:41
3,2025-10-02 17:30:20,2025-10-02 17:39:12,531.6,1.0,139,08:51
4,2025-10-02 17:39:12,2025-10-02 17:48:10,537.87,1.0,140,08:57
5,2025-10-02 17:48:10,2025-10-02 17:57:00,530.51,1.0,133,08:50
6,2025-10-02 17:57:00,2025-10-02 18:05:44,523.7,1.0,132,08:43
7,2025-10-02 18:05:44,2025-10-02 18:07:29,105.16,0.22,136,07:38
1,2025-10-09 17:59:04,2025-10-09 18:07:29,505.47,1.0,137,08:26
2,2025-10-09 18:07:29,2025-10-09 18:15:54,504.14,1.0,150,08:24
3,2025-10-09 18:15:54,2025-10-09 18:24:31,517.42,1.0,160,08:37
4,2025-10-09 18:24:31,2025-10-09 18:33:04,512.87,1.0,174,08:32
5,2025-10-09 18:33:04,2025-10-09 18:41:32,508.23,1.0,173,08:28
6,2025-10-09 18:41:32,2025-10-09 18:49:28,475.56,1.0,178,07:55
7,2025-10-09 18:49:28,2025-10-09 18:51:03,95.3,0.23,187,06:48
1,2025-10-11 17:24:26,2025-10-11 17:34:25,598.7,1.0,123,09:58
2,2025-10-11 17:34:25,2025-10-11 17:44:14,589.71,1.0,139,09:49
3,2025-10-11 17:44:14,2025-10-11 17:53:59,584.16,1.0,147,09:44
4,2025-10-11 17:53:59,2025-10-11 18:04:03,604.57,1.0,137,09:42
5,2025-10-11 18:04:03,2025-10-11 18:13:45,581.8,1.0,136,09:41
6,2025-10-11 18:13:45,2025-10-11 18:20:58,433.06,0.76,128,09:30
1,2025-10-12 10:08:40,2025-10-12 10:18:11,571.26,1.0,128,09:32
2,2025-10-12 10:18:11,2025-10-12 10:27:41,570.16,1.0,137,09:29
3,2025-10-12 10:27:41,2025-10-12 10:37:20,578.17,1.0,137,09:38
4,2025-10-12 10:37:20,2025-10-12 10:46:59,579.29,1.0,138,09:39
5,2025-10-12 10:46:59,2025-10-12 10:56:44,584.66,1.0,138,09:45
6,2025-10-12 10:56:44,2025-10-12 11:06:35,591.2,1.0,146,09:51
7,2025-10-12 11:06:35,2025-10-12 11:16:14,578.98,1.0,160,09:39
8,2025-10-12 11:16:14,2025-10-12 11:25:41,567.47,1.0,174,09:26
9,2025-10-12 11:25:41,2025-10-12 11:35:00,558.3,1.0,177,09:18
1,2025-10-16 17:45:17,2025-10-16 17:53:31,493.71,1.0,139,08:14
2,2025-10-16 17:53:31,2025-10-16 18:02:02,510.82,1.0,138,08:31
3,2025-10-16 18:02:02,2025-10-16 18:10:31,509.49,1.0,133,08:29
4,2025-10-16 18:10:31,2025-10-16 18:19:07,516.06,1.0,128,08:35
5,2025-10-16 18:19:07,2025-10-16 18:27:45,517.94,1.0,130,08:37
6,2025-10-16 18:27:45,2025-10-16 18:36:11,505.79,1.0,134,08:24
7,2025-10-16 18:36:11,2025-10-16 18:44:26,494.92,1.0,135,08:15
1,2025-10-23 17:58:50,2025-10-23 18:07:31,521.26,1.0,137,08:41
2,2025-10-23 18:07:31,2025-10-23 18:15:56,504.29,1.0,148,08:24
3,2025-10-23 18:15:56,2025-10-23 18:24:18,502.32,1.0,151,08:22
4,2025-10-23 18:24:18,2025-10-23 18:32:36,498.13,1.0,154,08:18
5,2025-10-23 18:32:36,2025-10-23 18:41:04,508.36,1.0,155,08:27
6,2025-10-23 18:41:04,2025-10-23 18:49:18,494.12,1.0,156,08:13
7,2025-10-23 18:49:18,2025-10-23 18:57:24,485.52,1.0,164,08:04
8,2025-10-23 18:57:24,2025-10-23 19:01:25,241.02,0.51,184,07:56
1,2025-10-25 09:14:24,2025-10-25 09:23:35,550.78,1.0,125,09:11
2,2025-10-25 09:23:35,2025-10-25 09:33:04,569.21,1.0,135,09:29
3,2025-10-25 09:33:04,2025-10-25 09:42:35,571.38,1.0,136,09:31
4,2025-10-25 09:42:35,2025-10-25 09:52:13,578.13,1.0,134,09:37
5,2025-10-25 09:52:13,2025-10-25 10:01:42,568.95,1.0,134,09:28
6,2025-10-25 10:01:42,2025-10-25 10:11:05,562.6,1.0,134,09:22
7,2025-10-25 10:11:05,2025-10-25 10:20:44,579.26,1.0,127,09:38
8,2025-10-25 10:20:44,2025-10-25 10:30:14,570.19,1.0,130,09:29
9,2025-10-25 10:30:14,2025-10-25 10:39:39,564.08,1.0,133,09:24
10,2025-10-25 10:39:39,2025-10-25 10:49:00,561.54,1.0,136,09:21
11,2025-10-25 10:49:00,2025-10-25 10:58:16,556.35,1.0,125,09:15
12,2025-10-25 10:58:16,2025-10-25 11:07:12,535.81,1.0,124,08:55
1,2025-10-28 17:28:19,2025-10-28 17:37:23,544.5,1.0,132,09:04
2,2025-10-28 17:37:23,2025-10-28 17:48:15,651.74,1.0,145,08:48
3,2025-10-28 17:48:15,2025-10-28 17:57:22,546.42,1.0,154,09:06
4,2025-10-28 17:57:22,2025-10-28 18:06:36,554.49,1.0,157,09:14
5,2025-10-28 18:06:36,2025-10-28 18:15:40,543.58,1.0,155,09:03
6,2025-10-28 18:15:40,2025-10-28 18:24:23,523.4,1.0,149,08:43
1,2025-11-01 12:03:21,2025-11-01 12:12:58,576.61,1.0,151,09:37
2,2025-11-01 12:12:58,2025-11-01 12:22:38,580.23,1.0,170,09:40
3,2025-11-01 12:22:38,2025-11-01 12:32:18,580.07,1.0,171,09:40
4,2025-11-01 12:32:18,2025-11-01 12:42:07,589.33,1.0,172,09:49
5,2025-11-01 12:42:07,2025-11-01 12:52:13,605.41,1.0,168,10:05
6,2025-11-01 12:52:13,2025-11-01 13:02:43,630.62,1.0,163,10:04
7,2025-11-01 13:02:43,2025-11-01 13:12:53,609.44,1.0,160,10:09
8,2025-11-01 13:12:53,2025-11-01 13:22:36,583.24,1.0,168,09:43
9,2025-11-01 13:22:36,2025-11-01 13:32:04,568.43,1.0,168,09:28
10,2025-11-01 13:32:04,2025-11-01 13:41:50,585.52,1.0,170,09:45
11,2025-11-01 13:41:50,2025-11-01 13:51:30,580.57,1.0,172,09:40
12,2025-11-01 13:51:30,2025-11-01 14:01:22,591.46,1.0,175,09:38
13,2025-11-01 14:01:22,2025-11-01 14:10:42,560.02,1.0,179,09:20
14,2025-11-01 14:10:42,2025-11-01 14:12:31,109.05,0.2,181,08:53
1,2025-11-06 18:40:39,2025-11-06 18:49:21,522.5,1.0,121,08:42
2,2025-11-06 18:49:21,2025-11-06 18:57:51,509.68,1.0,131,08:29
3,2025-11-06 18:57:51,2025-11-06 19:05:55,484.11,1.0,130,08:03
4,2025-11-06 19:05:55,2025-11-06 19:14:07,491.7,1.0,130,08:11
5,2025-11-06 19:14:07,2025-11-06 19:22:15,488.04,1.0,118,08:08
6,2025-11-06 19:22:15,2025-11-06 19:30:15,479.78,1.0,124,07:59
7,2025-11-06 19:30:15,2025-11-06 19:37:59,464.1,1.0,127,07:44
8,2025-11-06 19:37:59,2025-11-06 19:46:06,487.48,1.0,135,08:07
9,2025-11-06 19:46:06,2025-11-06 19:54:07,480.63,1.0,130,08:00
1,2025-11-08 14:53:46,2025-11-08 15:03:32,585.75,1.0,150,09:41
2,2025-11-08 15:03:32,2025-11-08 15:13:03,571.19,1.0,177,09:31
3,2025-11-08 15:13:03,2025-11-08 15:23:19,615.69,1.0,179,10:16
4,2025-11-08 15:23:19,2025-11-08 15:33:56,637.38,1.0,178,10:37
5,2025-11-08 15:33:56,2025-11-08 15:44:35,639.33,1.0,181,10:38
6,2025-11-08 15:44:35,2025-11-08 15:50:50,374.67,0.58,179,10:37
1,2025-11-13 18:23:05,2025-11-13 18:31:11,486.26,1.0,134,08:07
2,2025-11-13 18:31:11,2025-11-13 18:39:20,488.87,1.0,145,08:08
3,2025-11-13 18:39:20,2025-11-13 18:47:31,490.38,1.0,142,08:10
4,2025-11-13 18:47:31,2025-11-13 18:55:52,501.97,1.0,142,08:21
5,2025-11-13 18:55:52,2025-11-13 19:04:09,497.02,1.0,132,08:16
6,2025-11-13 19:04:09,2025-11-13 19:12:16,486.18,1.0,134,08:06
7,2025-11-13 19:12:16,2025-11-13 19:15:44,208.32,0.51,140,06:52
1,2025-11-16 10:19:44,2025-11-16 10:28:54,550.49,1.0,136,08:45
2,2025-11-16 10:28:54,2025-11-16 10:37:39,524.93,1.0,144,08:44
3,2025-11-16 10:37:39,2025-11-16 10:46:33,533.83,1.0,150,08:53
4,2025-11-16 10:46:33,2025-11-16 10:55:36,542.28,1.0,144,09:02
5,2025-11-16 10:55:36,2025-11-16 11:04:29,533.59,1.0,146,08:53
6,2025-11-16 11:04:29,2025-11-16 11:13:32,543.23,1.0,148,08:57
7,2025-11-16 11:13:32,2025-11-16 11:22:25,533.07,1.0,148,08:52
8,2025-11-16 11:22:25,2025-11-16 11:31:26,540.29,1.0,142,09:00
9,2025-11-16 11:31:26,2025-11-16 11:39:59,513.0,1.0,147,08:33
10,2025-11-16 11:39:59,2025-11-16 11:48:21,502.3,1.0,154,08:22
11,2025-11-16 11:48:21,2025-11-16 11:56:26,485.47,1.0,154,08:05
1,2025-11-17 17:45:08,2025-11-17 17:52:50,462.3,1.0,141,07:33
2,2025-11-17 17:52:50,2025-11-17 18:00:00,429.84,1.0,152,07:09
3,2025-11-17 18:00:00,2025-11-17 18:00:51,50.86,0.12,157,06:47
1,2025-11-18 18:30:17,2025-11-18 18:39:15,537.96,1.0,134,08:14
2,2025-11-18 18:39:15,2025-11-18 18:47:51,516.47,1.0,138,08:36
3,2025-11-18 18:47:51,2025-11-18 18:56:07,495.66,1.0,141,08:15
4,2025-11-18 18:56:07,2025-11-18 19:04:22,494.56,1.0,136,08:14
5,2025-11-18 19:04:22,2025-11-18 19:12:49,507.73,1.0,131,08:27
6,2025-11-18 19:12:49,2025-11-18 19:21:34,524.55,1.0,124,08:44
1,2025-11-19 06:57:55,2025-11-19 07:07:09,554.41,1.0,130,09:15
2,2025-11-19 07:07:09,2025-11-19 07:16:03,533.22,1.0,139,08:53
3,2025-11-19 07:16:03,2025-11-19 07:17:09,66.37,0.13,134,08:39
1,2025-11-27 08:04:32,2025-11-27 08:13:05,513.02,1.0,144,08:29
2,2025-11-27 08:13:05,2025-11-27 08:21:18,493.01,1.0,151,08:11
3,2025-11-27 08:21:18,2025-11-27 08:29:36,497.6,1.0,151,08:15
4,2025-11-27 08:29:36,2025-11-27 08:37:59,503.66,1.0,150,08:23
5,2025-11-27 08:37:59,2025-11-27 08:46:24,504.92,1.0,152,08:24
6,2025-11-27 08:46:24,2025-11-27 08:54:55,510.69,1.0,159,08:30
7,2025-11-27 08:54:55,2025-11-27 09:02:56,480.78,1.0,158,08:01
1,2025-11-29 07:54:25,2025-11-29 08:05:05,640.4,1.0,136,10:40
2,2025-11-29 08:05:05,2025-11-29 08:11:58,412.94,1.0,159,06:51
3,2025-11-29 08:11:58,2025-11-29 08:21:25,566.87,1.0,155,08:37
4,2025-11-29 08:21:25,2025-11-29 08:30:36,550.8,1.0,154,08:59
5,2025-11-29 08:30:36,2025-11-29 08:39:48,551.71,1.0,148,09:11
6,2025-11-29 08:39:48,2025-11-29 08:48:58,550.15,1.0,151,09:01
7,2025-11-29 08:48:58,2025-11-29 08:57:57,539.2,1.0,150,08:58
8,2025-11-29 08:57:57,2025-11-29 09:06:48,531.08,1.0,153,08:48
9,2025-11-29 09:06:48,2025-11-29 09:15:26,517.98,1.0,150,08:37
10,2025-11-29 09:15:26,2025-11-29 09:24:02,516.24,1.0,153,08:35
11,2025-11-29 09:24:02,2025-11-29 09:32:08,485.39,1.0,161,08:04
1,2025-12-02 18:42:27,2025-12-02 18:49:58,451.15,1.0,154,07:31
2,2025-12-02 18:49:58,2025-12-02 18:57:06,428.2,1.0,178,07:07
3,2025-12-02 18:57:06,2025-12-02 19:04:20,433.85,1.0,180,07:13
4,2025-12-02 19:04:20,2025-12-02 19:05:51,90.79,0.23,183,06:32
1,2025-12-04 18:45:31,2025-12-04 18:54:57,565.57,1.0,132,09:25
2,2025-12-04 18:54:57,2025-12-04 19:04:18,561.75,1.0,142,09:21
3,2025-12-04 19:04:18,2025-12-04 19:13:50,571.79,1.0,142,09:31
4,2025-12-04 19:13:50,2025-12-04 19:23:30,579.53,1.0,137,09:39
5,2025-12-04 19:23:30,2025-12-04 19:32:49,559.63,1.0,131,09:19
6,2025-12-04 19:32:49,2025-12-04 19:41:55,546.08,1.0,129,09:05
1,2025-12-06 15:23:08,2025-12-06 15:32:19,550.7,1.0,134,09:11
2,2025-12-06 15:32:19,2025-12-06 15:43:42,683.66,1.0,142,09:07
3,2025-12-06 15:43:42,2025-12-06 15:52:58,556.03,1.0,150,09:12
4,2025-12-06 15:52:58,2025-12-06 16:02:29,570.47,1.0,146,09:30
5,2025-12-06 16:02:29,2025-12-06 16:11:59,569.93,1.0,148,09:30
6,2025-12-06 16:11:59,2025-12-06 16:21:18,559.23,1.0,147,09:19
7,2025-12-06 16:21:18,2025-12-06 16:30:24,545.49,1.0,146,09:05
8,2025-12-06 16:30:24,2025-12-06 16:39:40,556.2,1.0,150,09:16
9,2025-12-06 16:39:40,2025-12-06 16:48:49,549.29,1.0,151,09:09
10,2025-12-06 16:48:49,2025-12-06 16:57:54,544.73,1.0,147,09:05
11,2025-12-06 16:57:54,2025-12-06 17:06:36,522.49,1.0,151,08:42
12,2025-12-06 17:06:36,2025-12-06 17:14:58,501.38,1.0,153,08:21
1,2025-12-11 06:24:29,2025-12-11 06:33:48,559.13,1.0,146,09:19
2,2025-12-11 06:33:48,2025-12-11 06:43:05,557.26,1.0,160,09:16
3,2025-12-11 06:43:05,2025-12-11 06:52:23,557.78,1.0,158,09:17
4,2025-12-11 06:52:23,2025-12-11 07:01:41,557.48,1.0,155,09:17
5,2025-12-11 07:01:41,2025-12-11 07:10:54,553.62,1.0,160,09:13
6,2025-12-11 07:10:54,2025-12-11 07:20:06,551.91,1.0,161,09:11
7,2025-12-11 07:20:06,2025-12-11 07:29:14,548.19,1.0,160,09:07
8,2025-12-11 07:29:14,2025-12-11 07:38:16,541.97,1.0,156,09:01
9,2025-12-11 07:38:16,2025-12-11 07:46:58,522.16,1.0,164,08:41
1,2025-12-13 11:18:19,2025-12-13 11:27:31,552.41,1.0,140,09:13
2,2025-12-13 11:27:31,2025-12-13 11:36:42,550.47,1.0,145,09:10
3,2025-12-13 11:36:42,2025-12-13 11:46:23,581.28,1.0,142,09:41
4,2025-12-13 11:46:23,2025-12-13 11:56:25,601.84,1.0,163,10:00
5,2025-12-13 11:56:25,2025-12-13 12:06:33,607.67,1.0,164,10:07
6,2025-12-13 12:06:33,2025-12-13 12:16:36,603.78,1.0,164,10:03
7,2025-12-13 12:16:36,2025-12-13 12:26:33,596.32,1.0,165,09:55
8,2025-12-13 12:26:33,2025-12-13 12:36:21,588.66,1.0,166,09:48
9,2025-12-13 12:36:21,2025-12-13 12:46:16,594.59,1.0,167,09:45
10,2025-12-13 12:46:16,2025-12-13 12:55:46,569.94,1.0,162,09:28
11,2025-12-13 12:55:46,2025-12-13 13:05:29,583.45,1.0,175,09:43
12,2025-12-13 13:05:29,2025-12-13 13:15:02,572.49,1.0,163,09:32
13,2025-12-13 13:15:02,2025-12-13 13:24:35,573.56,1.0,153,09:32
14,2025-12-13 13:24:35,2025-12-13 13:34:09,573.16,1.0,150,09:33
15,2025-12-13 13:34:09,2025-12-13 13:43:28,559.36,1.0,144,09:19
1,2025-12-16 06:22:59,2025-12-16 06:32:26,566.65,1.0,136,09:27
2,2025-12-16 06:32:26,2025-12-16 06:41:55,569.7,1.0,143,09:29
3,2025-12-16 06:41:55,2025-12-16 06:51:33,577.8,1.0,137,09:37
4,2025-12-16 06:51:33,2025-12-16 07:01:05,571.62,1.0,140,09:31
5,2025-12-16 07:01:05,2025-12-16 07:10:23,558.65,1.0,139,09:18
6,2025-12-16 07:10:23,2025-12-16 07:19:32,548.68,1.0,142,09:08
7,2025-12-16 07:19:32,2025-12-16 07:28:29,536.47,1.0,142,08:56
8,2025-12-16 07:28:29,2025-12-16 07:36:47,498.6,1.0,146,08:18
9,2025-12-16 07:36:47,2025-12-16 07:44:55,487.81,1.0,150,08:07
1,2025-12-18 19:12:23,2025-12-18 19:20:54,511.48,1.0,127,08:31
2,2025-12-18 19:20:54,2025-12-18 19:29:02,487.96,1.0,144,08:07
3,2025-12-18 19:29:02,2025-12-18 19:37:09,486.67,1.0,140,08:06
4,2025-12-18 19:37:09,2025-12-18 19:45:00,470.88,1.0,129,07:50
5,2025-12-18 19:45:00,2025-12-18 19:52:39,459.16,1.0,133,07:39
6,2025-12-18 19:52:39,2025-12-18 20:00:00,440.91,1.0,141,07:20
7,2025-12-18 20:00:00,2025-12-18 20:02:08,127.92,0.31,140,06:47
1,2025-12-20 08:53:55,2025-12-20 09:02:45,529.64,1.0,130,08:29
2,2025-12-20 09:02:45,2025-12-20 09:11:02,497.43,1.0,138,08:17
3,2025-12-20 09:11:02,2025-12-20 09:19:33,510.6,1.0,133,08:30
4,2025-12-20 09:19:33,2025-12-20 09:28:12,519.33,1.0,126,08:39
5,2025-12-20 09:28:12,2025-12-20 09:36:50,517.53,1.0,123,08:37
6,2025-12-20 09:36:50,2025-12-20 09:44:46,476.18,1.0,128,07:56
1,2025-12-21 15:40:01,2025-12-21 15:49:46,585.04,1.0,132,09:44
2,2025-12-21 15:49:46,2025-12-21 15:59:47,600.57,1.0,150,10:00
3,2025-12-21 15:59:47,2025-12-21 16:09:48,601.46,1.0,153,10:01
4,2025-12-21 16:09:48,2025-12-21 16:19:35,586.75,1.0,160,09:46
5,2025-12-21 16:19:35,2025-12-21 16:29:17,582.37,1.0,162,09:42
6,2025-12-21 16:29:17,2025-12-21 16:38:39,561.48,1.0,164,09:21
1,2025-12-22 17:45:39,2025-12-22 17:54:23,523.71,1.0,136,08:43
2,2025-12-22 17:54:23,2025-12-22 18:03:16,533.32,1.0,149,08:53
1,2025-12-24 09:13:04,2025-12-24 09:22:01,537.17,1.0,129,08:49
2,2025-12-24 09:22:01,2025-12-24 09:31:10,549.15,1.0,143,09:08
3,2025-12-24 09:31:10,2025-12-24 09:40:18,547.8,1.0,143,09:06
4,2025-12-24 09:40:18,2025-12-24 09:49:17,539.35,1.0,141,08:58
5,2025-12-24 09:49:17,2025-12-24 09:58:07,529.8,1.0,144,08:49
6,2025-12-24 09:58:07,2025-12-24 10:02:05,237.74,0.47,138,08:29
1,2025-12-25 18:54:17,2025-12-25 19:05:55,697.59,1.0,115,10:25
2,2025-12-25 19:05:55,2025-12-25 19:14:28,512.97,1.0,120,08:33
3,2025-12-25 19:14:28,2025-12-25 19:22:56,508.46,1.0,120,08:28
4,2025-12-25 19:22:56,2025-12-25 19:32:22,565.51,1.0,132,08:49
5,2025-12-25 19:32:22,2025-12-25 19:34:41,139.47,0.21,144,09:36
1,2025-12-26 11:35:28,2025-12-26 11:44:26,538.21,1.0,126,08:51
2,2025-12-26 11:44:26,2025-12-26 11:53:07,520.82,1.0,131,08:40
3,2025-12-26 11:53:07,2025-12-26 12:02:07,539.64,1.0,122,08:59
4,2025-12-26 12:02:07,2025-12-26 12:11:12,544.83,1.0,125,08:58
5,2025-12-26 12:11:12,2025-12-26 12:20:26,554.8,1.0,123,09:11
6,2025-12-26 12:20:26,2025-12-26 12:30:09,582.73,1.0,127,09:41
7,2025-12-26 12:30:09,2025-12-26 12:39:35,565.87,1.0,126,09:20
8,2025-12-26 12:39:35,2025-12-26 12:48:42,546.79,1.0,122,08:59
9,2025-12-26 12:48:42,2025-12-26 12:57:21,519.14,1.0,133,08:38
1,2025-12-28 12:47:08,2025-12-28 12:55:52,524.18,1.0,131,08:35
2,2025-12-28 12:55:52,2025-12-28 13:04:40,527.35,1.0,140,08:47
3,2025-12-28 13:04:40,2025-12-28 13:14:22,582.71,1.0,143,08:39
4,2025-12-28 13:14:22,2025-12-28 13:22:47,504.91,1.0,159,08:24
5,2025-12-28 13:22:47,2025-12-28 13:31:42,534.67,1.0,152,08:29
6,2025-12-28 13:31:42,2025-12-28 13:40:33,531.49,1.0,156,08:51
7,2025-12-28 13:40:33,2025-12-28 13:49:22,528.34,1.0,155,08:48
8,2025-12-28 13:49:22,2025-12-28 13:57:55,513.29,1.0,151,08:33
9,2025-12-28 13:57:55,2025-12-28 14:06:32,517.28,1.0,158,08:33
10,2025-12-28 14:06:32,2025-12-28 14:15:20,527.81,1.0,159,08:36
11,2025-12-28 14:15:20,2025-12-28 14:23:45,504.87,1.0,156,08:24
12,2025-12-28 14:23:45,2025-12-28 14:32:00,494.81,1.0,156,08:15
13,2025-12-28 14:32:00,2025-12-28 14:40:29,508.98,1.0,153,08:20
14,2025-12-28 14:40:29,2025-12-28 14:41:29,60.33,0.13,160,07:29
1,2025-12-30 14:53:40,2025-12-30 15:03:24,584.19,1.0,158,09:25
2,2025-12-30 15:03:24,2025-12-30 15:13:04,579.8,1.0,156,09:32
3,2025-12-30 15:13:04,2025-12-30 15:22:38,573.57,1.0,162,09:34
4,2025-12-30 15:22:38,2025-12-30 15:31:54,556.93,1.0,165,09:16
5,2025-12-30 15:31:54,2025-12-30 15:41:05,550.17,1.0,163,09:10
6,2025-12-30 15:41:05,2025-12-30 15:50:31,565.97,1.0,167,09:16
7,2025-12-30 15:50:31,2025-12-30 15:59:49,558.81,1.0,157,09:18
8,2025-12-30 15:59:49,2025-12-30 16:09:24,574.16,1.0,153,09:13
9,2025-12-30 16:09:24,2025-12-30 16:18:23,539.67,1.0,154,08:59
10,2025-12-30 16:18:23,2025-12-30 16:28:36,612.74,1.0,156,09:08
11,2025-12-30 16:28:36,2025-12-30 16:29:29,52.99,0.11,153,08:07
1,2026-01-02 16:16:47,2026-01-02 16:25:33,526.39,1.0,151,07:15
2,2026-01-02 16:25:33,2026-01-02 16:32:44,430.2,1.0,176,07:08
3,2026-01-02 16:32:44,2026-01-02 16:39:57,433.02,1.0,179,07:13
4,2026-01-02 16:39:57,2026-01-02 16:46:57,420.48,1.0,181,07:00
1,2026-01-04 14:12:07,2026-01-04 14:20:31,504.09,1.0,134,08:24
2,2026-01-04 14:20:31,2026-01-04 14:28:58,507.35,1.0,144,08:26
3,2026-01-04 14:28:58,2026-01-04 14:37:40,521.71,1.0,141,08:41
4,2026-01-04 14:37:40,2026-01-04 14:46:33,532.48,1.0,137,08:52
5,2026-01-04 14:46:33,2026-01-04 14:55:25,532.73,1.0,132,08:52
6,2026-01-04 14:55:25,2026-01-04 15:04:06,520.77,1.0,125,08:40
7,2026-01-04 15:04:06,2026-01-04 15:12:51,525.08,1.0,124,08:44
8,2026-01-04 15:12:51,2026-01-04 15:21:25,513.42,1.0,126,08:33
9,2026-01-04 15:21:25,2026-01-04 15:30:01,516.0,1.0,125,08:36
10,2026-01-04 15:30:01,2026-01-04 15:38:49,528.44,1.0,123,08:48
11,2026-01-04 15:38:49,2026-01-04 15:47:48,539.18,1.0,119,08:58
12,2026-01-04 15:47:48,2026-01-04 15:56:57,549.12,1.0,150,08:53
13,2026-01-04 15:56:57,2026-01-04 16:05:41,523.61,1.0,169,08:43
14,2026-01-04 16:05:41,2026-01-04 16:14:35,534.27,1.0,169,08:53
15,2026-01-04 16:14:35,2026-01-04 16:23:26,531.09,1.0,171,08:50
16,2026-01-04 16:23:26,2026-01-04 16:32:11,524.22,1.0,172,08:44
17,2026-01-04 16:32:11,2026-01-04 16:41:02,531.54,1.0,171,08:38
18,2026-01-04 16:41:02,2026-01-04 16:49:24,501.62,1.0,175,08:21
1,2026-01-05 19:42:30,2026-01-05 19:51:42,552.1,1.0,137,09:13
2,2026-01-05 19:51:42,2026-01-05 20:01:16,573.48,1.0,152,09:33
3,2026-01-05 20:01:16,2026-01-05 20:02:47,91.43,0.16,154,09:30
1,2026-01-06 06:28:44,2026-01-06 06:38:08,564.2,1.0,134,09:25
2,2026-01-06 06:38:08,2026-01-06 06:47:39,570.4,1.0,150,09:30
3,2026-01-06 06:47:39,2026-01-06 06:57:01,562.6,1.0,159,09:22
4,2026-01-06 06:57:01,2026-01-06 07:06:24,563.18,1.0,166,09:22
5,2026-01-06 07:06:24,2026-01-06 07:15:43,558.71,1.0,163,09:18
6,2026-01-06 07:15:43,2026-01-06 07:24:55,552.36,1.0,164,09:11
7,2026-01-06 07:24:55,2026-01-06 07:33:55,539.38,1.0,167,08:59
8,2026-01-06 07:33:55,2026-01-06 07:42:37,521.81,1.0,170,08:41
1,2026-01-07 18:29:46,2026-01-07 18:39:05,558.84,1.0,118,09:19
2,2026-01-07 18:39:05,2026-01-07 18:48:25,559.86,1.0,117,09:20
3,2026-01-07 18:48:25,2026-01-07 18:49:54,89.3,0.15,114,09:23
1,2026-01-08 06:46:35,2026-01-08 06:55:52,557.29,1.0,125,07:38
2,2026-01-08 06:55:52,2026-01-08 07:05:09,557.1,1.0,129,07:01
3,2026-01-08 07:05:09,2026-01-08 07:14:32,563.03,1.0,131,07:24
4,2026-01-08 07:14:32,2026-01-08 07:24:16,583.44,1.0,133,08:24
5,2026-01-08 07:24:16,2026-01-08 07:32:57,521.33,1.0,135,07:49
6,2026-01-08 07:32:57,2026-01-08 07:41:24,506.43,1.0,138,07:47
1,2026-01-10 12:18:21,2026-01-10 12:26:23,481.86,1.0,131,08:02
2,2026-01-10 12:26:23,2026-01-10 12:33:58,455.43,1.0,145,07:35
3,2026-01-10 12:33:58,2026-01-10 12:41:35,456.73,1.0,150,07:36
4,2026-01-10 12:41:35,2026-01-10 12:49:01,446.26,1.0,150,07:25
5,2026-01-10 12:49:01,2026-01-10 12:56:30,448.69,1.0,147,07:28
6,2026-01-10 12:56:30,2026-01-10 13:03:56,445.72,1.0,151,07:26
7,2026-01-10 13:03:56,2026-01-10 13:11:25,449.48,1.0,154,07:29
8,2026-01-10 13:11:25,2026-01-10 13:18:40,435.01,1.0,156,07:14
9,2026-01-10 13:18:40,2026-01-10 13:25:52,431.56,1.0,154,07:11
1,2026-01-11 14:22:24,2026-01-11 14:31:10,526.25,1.0,122,08:47
2,2026-01-11 14:31:10,2026-01-11 14:39:52,522.15,1.0,127,08:41
3,2026-01-11 14:39:52,2026-01-11 14:48:55,542.3,1.0,129,09:02
4,2026-01-11 14:48:55,2026-01-11 14:57:57,541.91,1.0,133,09:02
5,2026-01-11 14:57:57,2026-01-11 15:07:03,546.32,1.0,131,09:06
6,2026-01-11 15:07:03,2026-01-11 15:16:10,546.76,1.0,128,09:07
7,2026-01-11 15:16:10,2026-01-11 15:25:05,535.71,1.0,129,08:55
8,2026-01-11 15:25:05,2026-01-11 15:33:33,507.46,1.0,133,08:27
9,2026-01-11 15:33:33,2026-01-11 15:42:05,512.57,1.0,131,08:32
10,2026-01-11 15:42:05,2026-01-11 15:45:21,195.57,0.37,128,08:50
1,2026-01-12 06:34:17,2026-01-12 06:43:51,574.3,1.0,134,09:34
2,2026-01-12 06:43:51,2026-01-12 06:53:43,591.36,1.0,140,09:51
3,2026-01-12 06:53:43,2026-01-12 07:03:30,587.73,1.0,132,09:47
4,2026-01-12 07:03:30,2026-01-12 07:13:11,580.27,1.0,130,09:40
5,2026-01-12 07:13:11,2026-01-12 07:22:33,562.79,1.0,131,09:22
6,2026-01-12 07:22:33,2026-01-12 07:31:26,532.67,1.0,127,08:52
1,2026-01-14 17:52:55,2026-01-14 18:01:30,514.68,1.0,139,08:35
2,2026-01-14 18:01:30,2026-01-14 18:10:16,526.57,1.0,144,08:46
3,2026-01-14 18:10:16,2026-01-14 18:11:41,84.74,0.17,142,08:24
1,2026-01-15 18:22:34,2026-01-15 18:31:28,533.8,1.0,115,08:54
2,2026-01-15 18:31:28,2026-01-15 18:40:45,557.47,1.0,119,09:17
3,2026-01-15 18:40:45,2026-01-15 18:50:09,563.39,1.0,122,09:23
4,2026-01-15 18:50:09,2026-01-15 18:59:25,556.1,1.0,122,09:16
5,2026-01-15 18:59:25,2026-01-15 19:08:34,549.72,1.0,121,09:09
6,2026-01-15 19:08:34,2026-01-15 19:17:46,551.47,1.0,123,09:11
7,2026-01-15 19:17:46,2026-01-15 19:26:54,548.45,1.0,118,09:08
8,2026-01-15 19:26:54,2026-01-15 19:36:03,549.09,1.0,119,09:08
9,2026-01-15 19:36:03,2026-01-15 19:45:07,543.42,1.0,125,09:03
1,2026-01-17 11:16:21,2026-01-17 11:24:41,499.59,1.0,137,08:20
2,2026-01-17 11:24:41,2026-01-17 11:33:25,524.68,1.0,139,08:44
3,2026-01-17 11:33:25,2026-01-17 11:42:11,525.68,1.0,136,08:45
4,2026-01-17 11:42:11,2026-01-17 11:51:03,531.72,1.0,139,08:51
5,2026-01-17 11:51:03,2026-01-17 11:59:55,532.21,1.0,137,08:52
6,2026-01-17 11:59:55,2026-01-17 12:08:48,533.26,1.0,134,08:53
7,2026-01-17 12:08:48,2026-01-17 12:17:41,532.86,1.0,134,08:52
8,2026-01-17 12:17:41,2026-01-17 12:26:18,516.87,1.0,136,08:37
9,2026-01-17 12:26:18,2026-01-17 12:34:48,510.01,1.0,136,08:30
10,2026-01-17 12:34:48,2026-01-17 12:43:21,513.21,1.0,137,08:33
11,2026-01-17 12:43:21,2026-01-17 12:51:50,509.06,1.0,136,08:28
12,2026-01-17 12:51:50,2026-01-17 13:00:45,535.26,1.0,136,08:54
1,2026-01-18 10:59:27,2026-01-18 11:09:44,616.75,1.0,122,10:05
2,2026-01-18 11:09:44,2026-01-18 11:19:27,583.47,1.0,123,09:40
3,2026-01-18 11:19:27,2026-01-18 11:29:15,587.48,1.0,128,09:47
4,2026-01-18 11:29:15,2026-01-18 11:34:11,296.3,0.5,127,09:47
1,2026-01-20 18:08:37,2026-01-20 18:18:05,568.22,1.0,136,09:23
2,2026-01-20 18:18:05,2026-01-20 18:27:20,554.72,1.0,135,09:14
3,2026-01-20 18:27:20,2026-01-20 18:36:54,574.05,1.0,135,09:34
4,2026-01-20 18:36:54,2026-01-20 18:46:16,562.45,1.0,128,09:22
5,2026-01-20 18:46:16,2026-01-20 18:55:38,561.14,1.0,126,09:21
6,2026-01-20 18:55:38,2026-01-20 19:04:02,504.83,1.0,131,08:24
7,2026-01-20 19:04:02,2026-01-20 19:12:26,503.35,1.0,140,08:23
8,2026-01-20 19:12:26,2026-01-20 19:20:19,473.58,1.0,142,07:53
9,2026-01-20 19:20:19,2026-01-20 19:28:07,467.6,1.0,146,07:47
10,2026-01-20 19:28:07,2026-01-20 19:35:29,442.09,1.0,150,07:22
11,2026-01-20 19:35:29,2026-01-20 19:43:16,466.56,1.0,155,07:46
12,2026-01-20 19:43:16,2026-01-20 19:51:24,488.2,1.0,160,08:08
13,2026-01-20 19:51:24,2026-01-20 19:59:05,461.56,1.0,188,07:41
14,2026-01-20 19:59:05,2026-01-20 20:01:22,136.62,0.28,184,07:49
1,2026-01-22 17:55:07,2026-01-22 18:03:53,525.53,1.0,125,08:46
2,2026-01-22 18:03:53,2026-01-22 18:12:26,513.86,1.0,133,08:33
3,2026-01-22 18:12:26,2026-01-22 18:21:24,537.91,1.0,128,08:57
4,2026-01-22 18:21:24,2026-01-22 18:30:14,529.73,1.0,134,08:49
5,2026-01-22 18:30:14,2026-01-22 18:38:30,496.25,1.0,136,08:15
6,2026-01-22 18:38:30,2026-01-22 18:46:16,465.58,1.0,149,07:45
7,2026-01-22 18:46:16,2026-01-22 18:53:46,449.69,1.0,166,07:30
8,2026-01-22 18:53:46,2026-01-22 18:55:49,123.45,0.29,179,06:54
1,2026-01-23 06:47:00,2026-01-23 06:57:17,616.86,1.0,121,10:16
2,2026-01-23 06:57:17,2026-01-23 07:07:11,594.27,1.0,126,09:54
3,2026-01-23 07:07:11,2026-01-23 07:08:56,104.86,0.18,125,09:35
1,2026-01-24 10:25:50,2026-01-24 10:34:30,520.24,1.0,145,08:41
2,2026-01-24 10:34:30,2026-01-24 10:43:28,537.39,1.0,136,08:57
3,2026-01-24 10:43:28,2026-01-24 10:52:27,539.02,1.0,141,08:59
4,2026-01-24 10:52:27,2026-01-24 11:01:57,570.21,1.0,131,09:30
5,2026-01-24 11:01:57,2026-01-24 11:10:58,540.78,1.0,133,09:01
6,2026-01-24 11:10:58,2026-01-24 11:20:00,542.31,1.0,137,09:02
7,2026-01-24 11:20:00,2026-01-24 11:29:08,548.46,1.0,132,09:08
8,2026-01-24 11:29:08,2026-01-24 11:37:58,529.41,1.0,136,08:49
9,2026-01-24 11:37:58,2026-01-24 11:47:07,548.91,1.0,129,09:09
10,2026-01-24 11:47:07,2026-01-24 11:56:12,545.2,1.0,132,09:05
11,2026-01-24 11:56:12,2026-01-24 12:05:11,539.01,1.0,135,08:59
12,2026-01-24 12:05:11,2026-01-24 12:14:01,529.96,1.0,137,08:50
1,2026-01-26 18:02:35,2026-01-26 18:10:40,484.76,1.0,159,07:56
2,2026-01-26 18:10:40,2026-01-26 18:17:54,433.93,1.0,181,07:14
3,2026-01-26 18:17:54,2026-01-26 18:24:56,422.22,1.0,190,07:02
4,2026-01-26 18:24:56,2026-01-26 18:26:02,66.09,0.16,194,07:01
1,2026-01-27 18:17:05,2026-01-27 18:26:08,543.14,1.0,144,08:51
2,2026-01-27 18:26:08,2026-01-27 18:35:30,561.71,1.0,146,09:21
3,2026-01-27 18:35:30,2026-01-27 18:44:55,565.15,1.0,137,09:25
4,2026-01-27 18:44:55,2026-01-27 18:54:00,544.91,1.0,142,09:04
5,2026-01-27 18:54:00,2026-01-27 18:55:10,70.09,0.13,146,09:02
1,2026-01-29 18:47:58,2026-01-29 18:55:55,476.61,1.0,157,07:56
2,2026-01-29 18:55:55,2026-01-29 19:03:46,471.64,1.0,186,07:51
3,2026-01-29 19:03:46,2026-01-29 19:11:31,464.83,1.0,191,07:44
4,2026-01-29 19:11:31,2026-01-29 19:19:23,471.42,1.0,190,07:51
5,2026-01-29 19:19:23,2026-01-29 19:27:12,469.53,1.0,192,07:49
6,2026-01-29 19:27:12,2026-01-29 19:34:55,462.92,1.0,190,07:42
7,2026-01-29 19:34:55,2026-01-29 19:42:29,453.9,1.0,191,07:34
8,2026-01-29 19:42:29,2026-01-29 19:50:05,455.8,1.0,189,07:35
9,2026-01-29 19:50:05,2026-01-29 19:57:35,450.01,1.0,193,07:30
10,2026-01-29 19:57:35,2026-01-29 20:04:33,418.71,1.0,197,06:58
1,2026-02-01 12:27:04,2026-02-01 12:36:44,580.29,1.0,130,09:39
2,2026-02-01 12:36:44,2026-02-01 12:46:40,595.56,1.0,123,09:55
3,2026-02-01 12:46:40,2026-02-01 12:56:49,608.99,1.0,115,10:09
4,2026-02-01 12:56:49,2026-02-01 13:06:50,600.8,1.0,118,10:01
5,2026-02-01 13:06:50,2026-02-01 13:16:44,594.14,1.0,117,09:54
6,2026-02-01 13:16:44,2026-02-01 13:26:25,581.37,1.0,121,09:37
7,2026-02-01 13:26:25,2026-02-01 13:35:45,560.06,1.0,120,09:19
8,2026-02-01 13:35:45,2026-02-01 13:45:11,565.36,1.0,126,09:25
9,2026-02-01 13:45:11,2026-02-01 13:54:36,565.37,1.0,128,09:25
10,2026-02-01 13:54:36,2026-02-01 14:03:54,558.0,1.0,129,09:18
11,2026-02-01 14:03:54,2026-02-01 14:13:04,550.39,1.0,128,09:09
12,2026-02-01 14:13:04,2026-02-01 14:21:44,519.82,1.0,141,08:39
1,2026-02-02 18:17:05,2026-02-02 18:26:59,594.34,1.0,148,09:55
2,2026-02-02 18:26:59,2026-02-02 18:30:21,201.66,0.34,151,09:39
1,2026-02-04 18:35:03,2026-02-04 18:44:53,590.28,1.0,135,09:29
2,2026-02-04 18:44:53,2026-02-04 18:54:32,578.24,1.0,130,09:38
3,2026-02-04 18:54:32,2026-02-04 19:03:57,565.33,1.0,122,09:25
4,2026-02-04 19:03:57,2026-02-04 19:13:22,564.89,1.0,125,09:25
5,2026-02-04 19:13:22,2026-02-04 19:22:35,553.59,1.0,121,09:13
6,2026-02-04 19:22:35,2026-02-04 19:31:21,525.52,1.0,125,08:45
7,2026-02-04 19:31:21,2026-02-04 19:35:49,268.15,0.53,122,08:25
1,2026-02-05 18:07:16,2026-02-05 18:15:20,484.18,1.0,132,08:04
2,2026-02-05 18:15:20,2026-02-05 18:23:07,466.83,1.0,142,07:46
3,2026-02-05 18:23:07,2026-02-05 18:34:36,688.99,0.16,141,07:28
1,2026-02-07 12:06:17,2026-02-07 12:15:31,553.55,1.0,131,09:14
2,2026-02-07 12:15:31,2026-02-07 12:24:40,549.33,1.0,128,09:09
3,2026-02-07 12:24:40,2026-02-07 12:33:52,552.13,1.0,134,09:12
4,2026-02-07 12:33:52,2026-02-07 12:43:07,555.2,1.0,133,09:14
5,2026-02-07 12:43:07,2026-02-07 12:52:19,552.23,1.0,136,09:11
6,2026-02-07 12:52:19,2026-02-07 13:01:29,549.1,1.0,128,09:09
7,2026-02-07 13:01:29,2026-02-07 13:10:31,542.56,1.0,134,09:02
8,2026-02-07 13:10:31,2026-02-07 13:19:24,533.12,1.0,129,08:52
9,2026-02-07 13:19:24,2026-02-07 13:27:26,481.78,0.91,131,08:46
1,2026-02-08 11:46:47,2026-02-08 11:56:25,577.59,1.0,132,09:38
2,2026-02-08 11:56:25,2026-02-08 11:59:25,180.41,0.32,142,09:04
1,2026-02-10 07:15:28,2026-02-10 07:25:01,573.34,1.0,132,09:25
2,2026-02-10 07:25:01,2026-02-10 07:34:13,551.57,1.0,136,09:11
3,2026-02-10 07:34:13,2026-02-10 07:43:15,542.14,1.0,138,09:02
1,2026-02-11 17:48:05,2026-02-11 17:57:33,567.83,1.0,129,09:20
2,2026-02-11 17:57:33,2026-02-11 18:06:49,556.25,1.0,134,09:16
3,2026-02-11 18:06:49,2026-02-11 18:16:20,571.28,1.0,130,09:27
4,2026-02-11 18:16:20,2026-02-11 18:25:45,565.08,1.0,124,09:23
5,2026-02-11 18:25:45,2026-02-11 18:34:57,551.79,1.0,119,09:07
1,2026-02-12 07:37:40,2026-02-12 07:46:46,545.84,1.0,133,08:33
2,2026-02-12 07:46:46,2026-02-12 07:55:14,508.27,1.0,133,08:28
3,2026-02-12 07:55:14,2026-02-12 07:56:43,88.88,0.16,132,08:30
1,2026-02-14 07:13:22,2026-02-14 07:22:31,548.85,1.0,121,09:10
2,2026-02-14 07:22:31,2026-02-14 07:31:21,529.91,1.0,131,08:50
3,2026-02-14 07:31:21,2026-02-14 07:32:51,90.24,0.15,133,08:57
1,2026-02-15 07:06:24,2026-02-15 07:14:36,492.0,1.0,135,08:12
2,2026-02-15 07:14:36,2026-02-15 07:23:06,509.93,1.0,145,08:28
3,2026-02-15 07:23:06,2026-02-15 07:31:11,485.31,1.0,145,08:05
4,2026-02-15 07:31:11,2026-02-15 07:39:22,490.96,1.0,146,08:10
5,2026-02-15 07:39:22,2026-02-15 07:47:02,459.87,1.0,141,07:39
6,2026-02-15 07:47:02,2026-02-15 07:54:24,442.17,1.0,145,07:20
7,2026-02-15 07:54:24,2026-02-15 08:01:45,441.09,1.0,143,07:20
8,2026-02-15 08:01:45,2026-02-15 08:09:15,449.34,1.0,137,07:29
9,2026-02-15 08:09:15,2026-02-15 08:16:55,460.15,1.0,135,07:39
10,2026-02-15 08:16:55,2026-02-15 08:24:35,460.63,1.0,132,07:39
11,2026-02-15 08:24:35,2026-02-15 08:32:10,454.72,1.0,136,07:33
12,2026-02-15 08:32:10,2026-02-15 08:39:58,468.18,1.0,131,07:47
13,2026-02-15 08:39:58,2026-02-15 08:47:52,473.78,1.0,133,07:48
14,2026-02-15 08:47:52,2026-02-15 08:55:36,463.76,1.0,135,07:41
15,2026-02-15 08:55:36,2026-02-15 09:03:12,456.58,1.0,132,07:36
16,2026-02-15 09:03:12,2026-02-15 09:10:46,453.5,1.0,131,07:33
17,2026-02-15 09:10:46,2026-02-15 09:18:19,453.4,1.0,136,07:33
18,2026-02-15 09:18:19,2026-02-15 09:25:54,454.47,1.0,133,07:33
19,2026-02-15 09:25:54,2026-02-15 09:33:41,467.36,1.0,136,07:47
20,2026-02-15 09:33:41,2026-02-15 09:41:27,465.54,1.0,129,07:45
21,2026-02-15 09:41:27,2026-02-15 09:49:21,474.64,1.0,130,07:54
22,2026-02-15 09:49:21,2026-02-15 09:57:27,485.93,1.0,132,08:04
23,2026-02-15 09:57:27,2026-02-15 10:06:06,518.23,1.0,126,08:28
24,2026-02-15 10:06:06,2026-02-15 10:14:52,526.39,1.0,124,08:31
25,2026-02-15 10:14:52,2026-02-15 10:23:37,525.08,1.0,121,08:40
26,2026-02-15 10:23:37,2026-02-15 10:32:16,519.01,1.0,127,08:34
27,2026-02-15 10:32:16,2026-02-15 10:35:08,171.99,0.38,137,07:33
1,2026-02-20 07:36:24,2026-02-20 07:45:47,563.2,1.0,122,09:23
2,2026-02-20 07:45:47,2026-02-20 07:55:04,556.82,1.0,131,09:16
3,2026-02-20 07:55:04,2026-02-20 08:04:14,549.89,1.0,132,09:09
4,2026-02-20 08:04:14,2026-02-20 08:12:58,524.51,1.0,128,08:44
1,2026-02-22 21:15:58,2026-02-22 21:22:56,418.44,1.0,146,06:57
2,2026-02-22 21:22:56,2026-02-22 21:29:37,400.48,1.0,155,06:40
3,2026-02-22 21:29:37,2026-02-22 21:30:52,75.08,0.17,151,06:56
1,2026-02-23 17:55:17,2026-02-23 18:03:33,495.95,1.0,132,08:16
2,2026-02-23 18:03:33,2026-02-23 18:12:01,507.57,1.0,141,08:28
3,2026-02-23 18:12:01,2026-02-23 18:20:30,509.18,1.0,136,08:29
4,2026-02-23 18:20:30,2026-02-23 18:29:10,520.74,1.0,125,08:40
5,2026-02-23 18:29:10,2026-02-23 18:37:55,524.55,1.0,130,08:44
6,2026-02-23 18:37:55,2026-02-23 18:46:10,494.8,1.0,128,08:15
7,2026-02-23 18:46:10,2026-02-23 18:53:52,462.0,1.0,132,07:42
8,2026-02-23 18:53:52,2026-02-23 18:58:40,288.22,0.6,129,07:53
1,2026-02-24 18:38:38,2026-02-24 18:46:45,486.55,1.0,135,08:06
2,2026-02-24 18:46:45,2026-02-24 18:54:28,463.83,1.0,134,07:43
3,2026-02-24 18:54:28,2026-02-24 19:02:04,455.79,1.0,135,07:35
4,2026-02-24 19:02:04,2026-02-24 19:09:28,444.0,1.0,137,07:23
5,2026-02-24 19:09:28,2026-02-24 19:11:06,97.83,0.23,144,06:54
1,2026-02-26 19:12:48,2026-02-26 19:22:05,557.39,1.0,124,09:19
2,2026-02-26 19:22:05,2026-02-26 19:30:57,532.06,1.0,125,08:51
3,2026-02-26 19:30:57,2026-02-26 19:39:38,520.58,1.0,132,08:40
4,2026-02-26 19:39:38,2026-02-26 19:48:38,539.66,1.0,133,08:59
5,2026-02-26 19:48:38,2026-02-26 19:57:27,529.82,1.0,124,08:49
6,2026-02-26 19:57:27,2026-02-26 20:06:14,526.93,1.0,134,08:46
7,2026-02-26 20:06:14,2026-02-26 20:10:31,256.57,0.46,135,08:54
1,2026-02-28 16:14:37,2026-02-28 16:23:39,542.13,1.0,130,09:02
2,2026-02-28 16:23:39,2026-02-28 16:32:45,545.9,1.0,136,09:05
3,2026-02-28 16:32:45,2026-02-28 16:42:03,558.11,1.0,136,09:17
4,2026-02-28 16:42:03,2026-02-28 16:51:35,571.75,1.0,130,09:02
5,2026-02-28 16:51:35,2026-02-28 17:00:41,545.86,1.0,134,09:06
6,2026-02-28 17:00:41,2026-02-28 17:09:46,545.59,1.0,131,09:05
7,2026-02-28 17:09:46,2026-02-28 17:18:40,533.27,1.0,123,08:53
8,2026-02-28 17:18:40,2026-02-28 17:27:44,544.16,1.0,136,08:49
9,2026-02-28 17:27:44,2026-02-28 17:36:38,534.58,1.0,165,08:54
10,2026-02-28 17:36:38,2026-02-28 17:45:27,528.45,1.0,170,08:48
11,2026-02-28 17:45:27,2026-02-28 17:54:25,537.73,1.0,172,08:58
12,2026-02-28 17:54:25,2026-02-28 18:03:11,526.53,1.0,170,08:46
13,2026-02-28 18:03:11,2026-02-28 18:12:50,578.47,1.0,166,09:16
14,2026-02-28 18:12:50,2026-02-28 18:21:31,521.84,1.0,171,08:41
1,2026-03-01 10:13:38,2026-03-01 11:13:26,3588.1,1.0,98,04:07
2,2026-03-01 11:13:26,2026-03-01 11:49:43,2176.9,0.76,83,05:45
1,2026-03-01 13:39:14,2026-03-01 13:48:20,546.16,1.0,123,09:07
2,2026-03-01 13:48:20,2026-03-01 13:57:09,528.93,1.0,134,08:48
3,2026-03-01 13:57:09,2026-03-01 14:05:45,516.16,1.0,141,08:35
4,2026-03-01 14:05:45,2026-03-01 14:09:35,229.74,0.43,146,08:35
